예측회차,세트,번호1,번호2,번호3,번호4,번호5,번호6,종합점수,실제번호1,실제번호2,실제번호3,실제번호4,실제번호5,실제번호6,본번호일치수,보너스일치,총일치수
1238,1,3,13,15,27,34,38,0.709991,2,13,18,32,38,42,2,0,2
1238,2,7,13,16,27,34,38,0.707118,2,13,18,32,38,42,2,0,2
1238,3,7,12,16,27,31,38,0.704071,2,13,18,32,38,42,1,0,1
1238,4,3,15,16,27,36,38,0.703091,2,13,18,32,38,42,1,0,1
1238,5,6,7,18,27,33,38,0.702483,2,13,18,32,38,42,2,0,2
1238,6,3,16,19,27,31,38,0.70191,2,13,18,32,38,42,1,0,1
1238,7,3,13,27,30,33,38,0.701355,2,13,18,32,38,42,2,0,2
1238,8,12,13,15,27,34,45,0.69915,2,13,18,32,38,42,1,0,1
1238,9,3,12,27,31,34,38,0.697986,2,13,18,32,38,42,1,0,1
1238,10,6,12,15,27,38,45,0.695208,2,13,18,32,38,42,1,0,1
1239,1,3,13,15,18,28,31,0.8201,11,13,22,32,33,36,1,0,1
1239,2,6,12,21,22,27,38,0.7521,11,13,22,32,33,36,1,0,1
1239,3,1,15,20,29,35,38,0.7331,11,13,22,32,33,36,0,0,0
1239,4,9,12,19,28,34,42,0.7275,11,13,22,32,33,36,0,0,0
1239,5,3,8,22,29,31,38,0.779,11,13,22,32,33,36,1,1,2
1239,6,7,16,18,27,32,39,0.6902,11,13,22,32,33,36,1,0,1
1239,7,7,13,17,30,37,38,0.7076,11,13,22,32,33,36,1,0,1
1239,8,13,15,19,24,34,45,0.739,11,13,22,32,33,36,1,0,1
1239,9,1,2,22,25,28,37,0.6796,11,13,22,32,33,36,1,0,1
1239,10,8,12,13,35,36,39,0.686,11,13,22,32,33,36,2,1,3
1240,1,3,13,16,24,31,34,0.631,11,13,19,20,31,44,2,0,2
1240,2,7,9,18,27,28,45,0.6021,11,13,19,20,31,44,0,1,1
1240,3,6,15,19,21,30,33,0.5768,11,13,19,20,31,44,1,0,1
1240,4,1,12,17,26,35,38,0.5727,11,13,19,20,31,44,0,0,0
1240,5,8,16,19,28,37,41,0.5898,11,13,19,20,31,44,1,0,1
1240,6,4,11,20,32,39,43,0.5159,11,13,19,20,31,44,2,0,2
1240,7,7,8,14,25,31,38,0.5806,11,13,19,20,31,44,1,0,1
1240,8,3,12,15,28,42,43,0.6009,11,13,19,20,31,44,0,0,0
1240,9,3,10,22,27,30,35,0.5725,11,13,19,20,31,44,0,1,1
1240,10,9,17,19,24,42,44,0.5739,11,13,19,20,31,44,2,0,2
1241,1,3,13,18,28,31,38,0.6372,,,,,,,,,
1241,2,6,15,21,30,34,37,0.5999,,,,,,,,,
1241,3,7,12,16,35,40,43,0.5728,,,,,,,,,
1241,4,8,11,19,24,32,39,0.5498,,,,,,,,,
1241,5,1,4,17,27,36,41,0.5289,,,,,,,,,
1241,6,13,15,20,24,33,42,0.5929,,,,,,,,,
1241,7,6,9,16,27,38,45,0.58,,,,,,,,,
1241,8,3,14,22,26,29,35,0.5389,,,,,,,,,
1241,9,1,7,25,28,30,32,0.5678,,,,,,,,,
1241,10,10,12,24,31,37,41,0.5614,,,,,,,,,
