예측대상회차,기준회차,생성일시,분석기법,백테스트회차수,TOP6평균적중,TOP12평균적중,평균순위점수,성능지수,사전가중치,가중치,최근보강회차수,최근2회성능지수,장기성능지수,보강성능지수,초과성능,실전피드백회차수,실전성능지수,실전보정계수,LLM상대조정,LLM신뢰도,LLM보정계수
1238,1237,2026-08-22 20:57:59,끝수다이내믹스,120,0.7917,1.4583,0.4909,0.9603,1.0,0.0862397310671788,,,,,,,,,,,
1238,1237,2026-08-22 20:57:59,동반출현연결,120,0.8667,1.5833,0.5072,1.037,1.0,0.0879094513183241,,,,,,,,,,,
1238,1237,2026-08-22 20:57:59,마코프전이,120,0.7333,1.625,0.5127,0.9636,1.0,0.0863122518459394,,,,,,,,,,,
1238,1237,2026-08-22 20:57:59,보너스보조신호,120,0.8333,1.7417,0.5241,1.0525,0.55,0.048535798491029,,,,,,,,,,,
1238,1237,2026-08-22 20:57:59,전체빈도,120,0.8,1.55,0.5104,0.9904,1.0,0.086893897421012,,,,,,,,,,,
1238,1237,2026-08-22 20:57:59,지수가중빈도,120,0.7583,1.5083,0.4996,0.9523,1.0,0.0860646423692284,,,,,,,,,,,
1238,1237,2026-08-22 20:57:59,직전회차전이,120,0.6917,1.575,0.5105,0.9274,1.0,0.085522347370845,,,,,,,,,,,
1238,1237,2026-08-22 20:57:59,최근100회빈도,120,0.8167,1.65,0.5112,1.0198,1.0,0.0875353414079456,,,,,,,,,,,
1238,1237,2026-08-22 20:57:59,최근30회빈도,120,0.725,1.4083,0.4874,0.9079,1.0,0.0850985314688591,,,,,,,,,,,
1238,1237,2026-08-22 20:57:59,최근추세,120,0.7583,1.45,0.4862,0.9361,1.0,0.0857120651470132,,,,,,,,,,,
1238,1237,2026-08-22 20:57:59,출현간격주기,120,0.9083,1.7583,0.5302,1.1049,1.0,0.0893872512129852,,,,,,,,,,,
1238,1237,2026-08-22 20:57:59,핫콜드밸런스,120,0.7,1.4,0.495,0.8937,1.0,0.0847886908796397,,,,,,,,,,,
1239,1238,2026-08-22 21:00:12,끝수다이내믹스,120,0.7833,1.4417,0.489,0.9512,1.0,0.0861110649405519,,,,,,,,,,,
1239,1238,2026-08-22 21:00:12,동반출현연결,120,0.8583,1.5833,0.5066,1.0316,1.0,0.0878615432796088,,,,,,,,,,,
1239,1238,2026-08-22 21:00:12,마코프전이,120,0.725,1.6167,0.5101,0.9559,1.0,0.0862116421848428,,,,,,,,,,,
1239,1238,2026-08-22 21:00:12,보너스보조신호,120,0.8417,1.75,0.5252,1.0597,0.55,0.0486610013613888,,,,,,,,,,,
1239,1238,2026-08-22 21:00:12,전체빈도,120,0.7917,1.5417,0.5089,0.983,1.0,0.0868027021108113,,,,,,,,,,,
1239,1238,2026-08-22 21:00:12,지수가중빈도,120,0.7583,1.5,0.4987,0.9503,1.0,0.0860912916583082,,,,,,,,,,,
1239,1238,2026-08-22 21:00:12,직전회차전이,120,0.6833,1.5583,0.5073,0.9178,1.0,0.0853812630325176,,,,,,,,,,,
1239,1238,2026-08-22 21:00:12,최근100회빈도,120,0.8083,1.6333,0.5099,1.011,1.0,0.0874129760082113,,,,,,,,,,,
1239,1238,2026-08-22 21:00:12,최근30회빈도,120,0.7333,1.425,0.4889,0.9168,1.0,0.0853611278432779,,,,,,,,,,,
1239,1238,2026-08-22 21:00:12,최근추세,120,0.7583,1.475,0.4883,0.9416,1.0,0.0859006982738865,,,,,,,,,,,
1239,1238,2026-08-22 21:00:12,출현간격주기,120,0.9167,1.7583,0.5305,1.1102,1.0,0.0895749097012434,,,,,,,,,,,
1239,1238,2026-08-22 21:00:12,핫콜드밸런스,120,0.6833,1.4,0.495,0.8833,1.0,0.084629779605351,,,,,,,,,,,
1240,1239,2026-08-30 10:51:41,끝수다이내믹스,120,0.75,1.5917,0.4956,0.9611,1.0,0.0487155951157859,2.0,0.3679,0.9712,0.9109,0.0,,,,,,
1240,1239,2026-08-30 10:51:41,동반출현연결,120,0.85,1.5917,0.5077,1.0283,1.0,0.0854773363213668,2.0,0.9907,1.029,1.0252,0.0252,,,,,,
1240,1239,2026-08-30 10:51:41,마코프전이,120,0.7167,1.6,0.5106,0.9477,1.0,0.0487155951157859,2.0,1.1019,0.9451,0.9608,0.0,,,,,,
1240,1239,2026-08-30 10:51:41,보너스보조신호,120,0.85,1.75,0.5261,1.0652,0.55,0.1039509846442216,2.0,1.4282,1.0591,1.096,0.096,,,,,,
1240,1239,2026-08-30 10:51:41,전체빈도,120,0.775,1.525,0.5068,0.9686,1.0,0.0688881863559982,2.0,1.5016,0.9596,1.0138,0.0138,,,,,,
1240,1239,2026-08-30 10:51:41,지수가중빈도,120,0.7583,1.4833,0.4968,0.9465,1.0,0.0487155951157859,2.0,1.0729,0.9443,0.9572,0.0,,,,,,
1240,1239,2026-08-30 10:51:41,직전회차전이,120,0.675,1.55,0.5072,0.911,1.0,0.0487155951157859,2.0,0.7648,0.9134,0.8986,0.0,,,,,,
1240,1239,2026-08-30 10:51:41,최근100회빈도,120,0.7917,1.6167,0.5079,0.9967,1.0,0.0487155951157859,2.0,0.2546,1.0092,0.9338,0.0,,,,,,
1240,1239,2026-08-30 10:51:41,최근2회문맥,120,0.7,1.6167,0.5118,0.9409,0.3,0.0146146785347357,2.0,0.8046,0.9432,0.9293,0.0,,,,,,
1240,1239,2026-08-30 10:51:41,최근30회빈도,120,0.7333,1.4167,0.4875,0.9147,1.0,0.0487155951157859,2.0,1.6294,0.9026,0.9753,0.0,,,,,,
1240,1239,2026-08-30 10:51:41,최근추세,120,0.7667,1.475,0.4888,0.947,1.0,0.1226391323634042,2.0,2.1693,0.9263,1.0506,0.0506,,,,,,
1240,1239,2026-08-30 10:51:41,출현간격주기,120,0.9167,1.7667,0.5313,1.1121,1.0,0.2634205159697717,2.0,1.5234,1.1051,1.1469,0.1469,,,,,,
1240,1239,2026-08-30 10:51:41,핫콜드밸런스,120,0.675,1.3833,0.4931,0.8742,1.0,0.0487155951157859,2.0,0.8061,0.8754,0.8684,0.0,,,,,,
1241,1240,2026-09-07 23:42:20,끝수다이내믹스,120,0.7417,1.5917,0.4963,0.9562,1.0,0.062251406494939494,2.0,0.4856,0.9642,0.9163,0.0,1.0,0.373007,0.9838709677419355,0.0,0.0,1.0
1241,1240,2026-09-07 23:42:20,동반출현연결,120,0.8417,1.575,0.5056,1.0192,1.0,0.07553115223290059,2.0,0.8766,1.0216,1.0071,0.0071,1.0,0.329529,0.9838709677419355,0.0,0.0,1.0
1241,1240,2026-09-07 23:42:20,마코프전이,120,0.725,1.6167,0.5114,0.9564,1.0,0.0637126653955559,2.0,1.2319,0.9517,0.9797,0.0,1.0,1.215942,1.006965870967742,0.0,0.0,1.0
1241,1240,2026-09-07 23:42:20,보너스보조신호,120,0.85,1.75,0.5252,1.0649,0.55,0.1062112374443358,2.0,1.0997,1.0643,1.0678,0.0678,1.0,1.173913,1.0056100967741934,0.0,0.0,1.0
1241,1240,2026-09-07 23:42:20,전체빈도,120,0.7833,1.5333,0.5087,0.9762,1.0,0.06339800596653605,2.0,1.1222,0.9737,0.9885,0.0,1.0,1.061775,1.001992741935484,0.0,0.0,1.0
1241,1240,2026-09-07 23:42:20,지수가중빈도,120,0.775,1.5083,0.4983,0.9622,1.0,0.08069867437264458,2.0,1.5089,0.9529,1.0085,0.0085,1.0,2.064674,1.0161290322580645,0.0,0.0,1.0
1241,1240,2026-09-07 23:42:20,직전회차전이,120,0.6833,1.5583,0.5089,0.9184,1.0,0.0637777415871849,2.0,1.2362,0.913,0.9453,0.0,1.0,1.247826,1.0079943870967742,0.0,0.0,1.0
1241,1240,2026-09-07 23:42:20,최근100회빈도,120,0.7917,1.6333,0.5085,1.0,1.0,0.06242518997054643,2.0,0.3636,1.0108,0.9461,0.0,1.0,0.585145,0.9866175806451613,0.0,0.0,1.0
1241,1240,2026-09-07 23:42:20,최근2회문맥,120,0.7083,1.6083,0.5117,0.9445,0.3,0.018979468839363627,2.0,0.6993,0.9487,0.9237,0.0,1.0,0.996558,0.9998889677419355,0.0,0.0,1.0
1241,1240,2026-09-07 23:42:20,최근30회빈도,120,0.75,1.425,0.4897,0.9276,1.0,0.06429243621608506,2.0,1.5466,0.9171,0.98,0.0,1.0,2.1125,1.0161290322580645,0.0,0.0,1.0
1241,1240,2026-09-07 23:42:20,최근추세,120,0.7667,1.475,0.4903,0.9476,1.0,0.06456832690281486,2.0,1.5705,0.937,1.0004,0.0004,1.0,1.282609,1.0091164193548388,0.0,0.0,1.0
1241,1240,2026-09-07 23:42:20,출현간격주기,120,0.9,1.75,0.5291,1.0977,1.0,0.20986125836100766,2.0,0.8752,1.1014,1.0788,0.0788,1.0,0.559058,0.985776064516129,0.0,0.0,1.0
1241,1240,2026-09-07 23:42:20,핫콜드밸런스,120,0.6833,1.425,0.4956,0.8882,1.0,0.06429243621608506,2.0,1.4179,0.8792,0.9331,0.0,1.0,1.837862,1.0161290322580645,0.0,0.0,1.0
