예측대상회차,기준회차,생성일시,분석기법,예측TOP6,예측TOP12,전체순위,평가상태,실제당첨번호,TOP6적중,TOP12적중,순위점수,실전성능지수
1240,1239,2026-08-30 11:37:16,끝수다이내믹스,"2,12,22,32,42,8","2,12,22,32,42,8,18,28,38,3,13,23","2,12,22,32,42,8,18,28,38,3,13,23,33,43,10,20,30,40,7,17,27,37,1,11,21,31,41,6,9,16,19,26,29,36,39,4,14,24,34,44,5,15,25,35,45",대기,,,,,
1240,1239,2026-08-30 11:37:16,동반출현연결,"3,6,16,38,45,21","3,6,16,38,45,21,29,7,36,13,30,32","3,6,16,38,45,21,29,7,36,13,30,32,33,14,10,28,12,24,9,37,1,34,26,19,27,42,35,31,44,2,8,17,15,23,22,41,43,18,4,39,25,40,20,11,5",대기,,,,,
1240,1239,2026-08-30 11:37:16,마코프전이,"16,18,33,15,13,21","16,18,33,15,13,21,14,44,3,37,32,35","16,18,33,15,13,21,14,44,3,37,32,35,27,34,19,42,22,45,12,38,10,6,9,24,11,4,17,7,36,40,30,20,8,39,26,28,23,2,1,29,43,31,25,41,5",대기,,,,,
1240,1239,2026-08-30 11:37:16,보너스보조신호,"2,31,32,24,3,7","2,31,32,24,3,7,4,17,27,6,20,26","2,31,32,24,3,7,4,17,27,6,20,26,33,28,16,30,10,1,15,38,37,35,45,43,22,25,36,5,11,8,34,9,13,12,21,42,14,39,44,29,23,19,41,40,18",대기,,,,,
1240,1239,2026-08-30 11:37:16,전체빈도,"34,13,27,12,18,33","34,13,27,12,18,33,45,37,40,3,14,38","34,13,27,12,18,33,45,37,40,3,14,38,17,20,1,7,15,19,31,16,39,11,21,6,24,26,36,43,44,35,4,10,8,30,42,28,2,29,5,25,41,23,22,32,9",대기,,,,,
1240,1239,2026-08-30 11:37:16,지수가중빈도,"15,13,38,28,27,31","15,13,38,28,27,31,37,19,3,18,16,6","15,13,38,28,27,31,37,19,3,18,16,6,42,32,29,36,7,1,24,12,9,20,34,22,30,35,33,40,8,39,44,25,11,2,45,41,4,23,21,17,10,26,14,43,5",대기,,,,,
1240,1239,2026-08-30 11:37:16,직전회차전이,"16,18,13,33,12,15","16,18,13,33,12,15,19,3,32,21,27,14","16,18,13,33,12,15,19,3,32,21,27,14,9,45,44,37,22,11,38,24,35,36,20,34,7,40,4,42,10,6,17,30,8,39,28,2,23,26,31,1,29,43,25,41,5",대기,,,,,
1240,1239,2026-08-30 11:37:16,최근100회빈도,"27,15,38,3,28,37","27,15,38,3,28,37,7,13,16,31,8,9","27,15,38,3,28,37,7,13,16,31,8,9,39,6,12,24,29,35,36,11,18,19,25,26,30,32,42,1,2,17,20,22,23,40,4,10,21,33,41,44,45,34,5,43,14",대기,,,,,
1240,1239,2026-08-30 11:37:16,최근2회문맥,"18,3,31,12,37,38","18,3,31,12,37,38,30,6,7,16,33,21","18,3,31,12,37,38,30,6,7,16,33,21,35,1,39,27,14,28,17,19,24,2,45,32,34,44,20,13,42,29,26,41,4,40,22,15,8,9,10,23,25,43,36,5,11",대기,,,,,
1240,1239,2026-08-30 11:37:16,최근30회빈도,"15,13,18,28,31,38","15,13,18,28,31,38,19,22,25,27,32,34","15,13,18,28,31,38,19,22,25,27,32,34,42,44,1,2,8,9,10,11,20,29,36,41,45,3,4,6,7,12,14,17,21,23,24,30,33,35,37,39,40,43,5,16,26",대기,,,,,
1240,1239,2026-08-30 11:37:16,최근추세,"18,34,13,22,32,42","18,34,13,22,32,42,43,4,41,44,2,14","18,34,13,22,32,42,43,4,41,44,2,14,20,28,11,19,25,6,12,29,36,9,21,31,33,1,17,37,40,15,30,38,24,35,8,39,7,16,10,45,23,26,5,3,27",대기,,,,,
1240,1239,2026-08-30 11:37:16,출현간격주기,"24,9,4,14,8,28","24,9,4,14,8,28,25,3,1,31,19,30","24,9,4,14,8,28,25,3,1,31,19,30,41,44,35,27,16,45,26,17,7,15,6,43,39,5,12,21,29,34,20,37,40,10,23,18,38,42,2,13,36,33,11,32,22",대기,,,,,
1240,1239,2026-08-30 11:37:16,핫콜드밸런스,"13,15,18,22,38,2","13,15,18,22,38,2,7,11,12,19,20,31","13,15,18,22,38,2,7,11,12,19,20,31,32,34,36,37,40,42,43,1,3,4,6,8,9,10,14,21,23,24,25,28,29,33,35,39,5,16,17,26,27,30,41,44,45",대기,,,,,
